,gene,r hsc,p adjusted hsc,r prog,p adjusted prog,GEP 22 (Cell cycle),Benjamini-Hochberg adjusted regression p of GEP 22 vs r hsc,Bonferroni adjusted regression p of GEP 22 vs r hsc,Benjamini-Hochberg adjusted regression p of GEP 22 vs r prog,Bonferroni adjusted regression p of GEP 22 vs r prog
0,AC006019.3,0.076542496419445,4.437821280636351e-10,0.0151658653075095,0.02694863691070083,0.000260464,0.16062707918009012,1.0,0.9831285273395207,1.0
1,ACSM5,0.0383376716335657,0.0325612585067715,0.0572795019406671,1.5724498363847478e-23,0.00089123,0.999775974942421,1.0,0.9831285273395207,1.0
2,ACTB,-0.0392363461501662,0.02558687787478273,0.1901817308891332,5.824611907638793e-257,0.002866111,0.9302344082066558,1.0,0.9831285273395207,1.0
3,ACTG1,-0.0459514016113605,0.002498242161227115,0.130760743660068,1.6411717236587897e-120,-6.4e-05,0.999775974942421,1.0,0.9831285273395207,1.0
4,ADSL,-0.0412001084368733,0.013542519009981413,0.0644992076060094,1.193168320757008e-29,0.000197208,0.999775974942421,1.0,0.9831285273395207,1.0
5,AHNAK2,0.0402307387851,0.018721338255374236,0.1786005877914459,3.633646112872536e-226,0.003709223,0.999775974942421,1.0,0.9831285273395207,1.0
6,ANP32E,0.1108226640876037,1.5071873079490962e-22,0.3148538637161499,0.0,0.00514862,0.999775974942421,1.0,0.9831285273395207,1.0
7,AP000282.3,0.0493350905976053,0.0006936249738359675,0.0193773287129824,0.002644661263818691,0.000277236,0.5519228771291212,1.0,0.9831285273395207,1.0
8,APOLD1,0.0695440349577627,3.541408333072744e-08,0.166085438109289,3.3524631867993378e-195,0.001901648,0.9173647075382637,1.0,0.9831285273395207,1.0
9,ARL6IP1,0.1801751301848375,6.389147703843302e-63,0.508992918974964,0.0,0.010290633,0.999775974942421,1.0,0.9831285273395207,1.0
10,ASPM,0.2276987696160507,4.949845508414007e-102,0.4761780058308221,0.0,0.008627287,0.5519228771291212,1.0,0.9831285273395207,1.0
11,AURKB,0.1066234060082713,6.998608370413209e-21,0.4979218200732001,0.0,0.010356066,0.5519228771291212,1.0,0.9831285273395207,1.0
12,BTF3,-0.0455537148421162,0.002923991513389861,0.02169559980061,0.0005704281445748086,-0.001910388,0.999775974942421,1.0,0.9831285273395207,1.0
13,C4orf3,-0.0388305566719448,0.028436912260789707,0.0532787167512607,1.8645540266622175e-20,-0.000425675,0.999775974942421,1.0,0.9902356353877361,1.0
14,C6orf48,-0.0388571773407784,0.028258466126852733,0.0271836794454273,7.68120108270366e-06,-0.000742247,0.999775974942421,1.0,0.9831285273395207,1.0
15,CALM2,0.0658043836390758,2.814374529962366e-07,0.4007770745416438,0.0,0.006890166,0.999775974942421,1.0,0.9831285273395207,1.0
16,CALU,-0.0373045781751359,0.04368368904526551,0.022096052640229,0.0004302551806674647,-4.49e-05,0.999775974942421,1.0,0.9831285273395207,1.0
17,CBR3,0.0731755107021287,3.770248848328938e-09,0.1115456757128659,1.2515875202124106e-87,0.001262994,0.5185569991991769,1.0,0.9831285273395207,1.0
18,CCDC142,-0.0383800910963952,0.03235720268173116,0.0397575322776903,1.0515761504562095e-11,-0.000178883,0.999775974942421,1.0,0.9831285273395207,1.0
19,CCDC85B,-0.0371376372356059,0.04586609837096315,0.0165818566324538,0.013200192348598901,-0.000432749,0.999775974942421,1.0,0.9831285273395207,1.0
20,CCNA2,0.046540069516063,0.0019913696557940824,0.4242663329022976,0.0,0.00899812,0.15071139321700536,1.0,0.9831285273395207,1.0
21,CCNB2,0.1847139943095199,3.3887672543880995e-66,0.5165881065922696,0.0,0.009586287,0.999775974942421,1.0,0.9831285273395207,1.0
22,CD276,-0.0516692607769485,0.00025342152074608643,0.0693632368762371,3.5241361048709366e-34,-0.000950351,0.999775974942421,1.0,0.9831285273395207,1.0
23,CD36,-0.0390020195455169,0.027200914174775336,-0.041832444080326,7.076551081664121e-13,-0.000288415,0.999775974942421,1.0,0.5971422544291973,1.0
24,CD4,-0.0406124793211017,0.01643208527714674,-0.0478558441534917,1.2322678619919336e-16,-0.000307517,0.999775974942421,1.0,0.5737223777982486,1.0
25,CD44,-0.0474781941517698,0.0013621491360689558,-0.0153234905592907,0.024981733284861442,-0.000193654,0.999775974942421,1.0,0.9322371997465282,1.0
26,CD63,-0.0479281438516075,0.0011635479285995165,-0.0149147815808014,0.030322550153091217,-9.25e-05,0.999775974942421,1.0,0.8431336578046403,1.0
27,CD74,-0.0821398919837205,9.298312676700295e-12,0.0741881265091655,5.2104804745061066e-39,-0.003681147,0.999775974942421,1.0,0.34053502666474933,0.4389780363892976
28,CDC20,0.0450872352248046,0.003434836212301089,0.4550095209760648,0.0,0.009388106,0.07545672628739142,0.6036538102991313,0.9831285273395207,1.0
29,CDKN2C,0.0602908167583168,4.91092269741063e-06,0.2056170169347878,2.7789856031876132e-301,0.003093285,0.999775974942421,1.0,0.9831285273395207,1.0
30,CDKN2D,0.0665720180371791,1.816680219991003e-07,0.2338309461253135,0.0,0.002523993,0.999775974942421,1.0,0.9831285273395207,1.0
31,CENPA,0.2005448584856435,1.5502332152953208e-78,0.4533249244307414,0.0,0.00916033,0.999775974942421,1.0,0.9831285273395207,1.0
32,CENPF,0.2197013676918296,6.30387238749301e-95,0.5625771637273683,0.0,0.013725264,0.999775974942421,1.0,0.5737223777982486,1.0
33,CGGBP1,0.0383407746705325,0.0325612585067715,0.1556337022775746,3.622247945132296e-171,0.000880066,0.999775974942421,1.0,0.9831285273395207,1.0
34,CHRNA5,0.0379232255784705,0.03667007469468011,0.1612221773802508,8.397383375428629e-184,0.003562227,0.999775974942421,1.0,0.9831285273395207,1.0
35,CLK1,-0.0384598630072533,0.031651294142676534,0.0933613882575878,1.8391041470641073e-61,-0.000218524,0.999775974942421,1.0,0.9831285273395207,1.0
36,CLU,-0.0374442813963816,0.042135978828042986,-0.0178431120458879,0.006618101566190779,8.45e-05,0.999775974942421,1.0,0.6706754662861097,1.0
37,CNBP,-0.052942817838689,0.0001449998602048007,0.0473165765355748,2.8207036670228117e-16,-0.000955893,0.999775974942421,1.0,0.9831285273395207,1.0
38,CNPY3,-0.0374799299249676,0.041716519789436274,0.0541034624823959,4.521472571894202e-21,-0.000141178,0.999775974942421,1.0,0.9831285273395207,1.0
39,COX17,0.0412452829714597,0.013411694782066198,0.1803049832343369,1.439718981936509e-230,0.002217723,0.999775974942421,1.0,0.9831285273395207,1.0
40,COX7C,-0.0450914504919674,0.003434836212301089,0.0853512102358489,1.8798955903241835e-51,-0.000655477,0.999775974942421,1.0,0.9831285273395207,1.0
41,CREB3,-0.0371444442029199,0.04586609837096315,0.0289882159651295,1.499912037636217e-06,4.36e-05,0.999775974942421,1.0,0.9831285273395207,1.0
42,CSRNP1,-0.0373870867543598,0.04276847820049752,0.0426431140907364,2.366035416455434e-13,-0.001006088,0.999775974942421,1.0,0.9831285273395207,1.0
43,CST3,-0.047961396669453,0.0011592182911703657,-0.0456100015770375,3.558089991867922e-15,-0.000440201,0.999775974942421,1.0,0.6321915422022715,1.0
44,CTD.2090I13.1,-0.0407568980824796,0.01571727514437352,-0.0386731453140535,4.097390040806778e-11,-0.000469244,0.999775974942421,1.0,0.6961764874186491,1.0
45,CTSD,-0.0437183262539611,0.005630524604702288,-0.0351905265653726,2.526273392863011e-09,0.000198173,0.999775974942421,1.0,0.5737223777982486,1.0
46,DARS,-0.0390981712124844,0.026542147542184223,0.0537858505937735,7.832158231631296e-21,-0.000353177,0.999775974942421,1.0,0.9831285273395207,1.0
47,DDIT4,-0.037980621948709,0.036124498535067405,0.0435140103617354,7.130952879178513e-14,-0.0004515,0.999775974942421,1.0,0.9831285273395207,1.0
48,DHFR,0.0403167372888689,0.01817575155067812,0.16898713111762,3.5567916471439372e-202,0.001487691,0.999775974942421,1.0,0.9831285273395207,1.0
49,DHTKD1,-0.0395804372329885,0.02269027731527064,0.0297408137993178,7.379681799522506e-07,-0.000388469,0.999775974942421,1.0,0.9831285273395207,1.0
50,DLK1,-0.0370225037124824,0.047266028312333015,0.0231527779972987,0.00019952019958057205,-0.000298306,0.999775974942421,1.0,0.9831285273395207,1.0
51,DUSP1,-0.0607264299090712,4.0509052587689135e-06,0.0603332828607926,4.9814953691417553e-26,-0.000391856,0.999775974942421,1.0,0.9831285273395207,1.0
52,EEF1A1,-0.0551709480322217,5.352548314183619e-05,0.0770471611847648,5.0294559036726516e-42,-0.001297678,0.999775974942421,1.0,0.9831285273395207,1.0
53,EGFL7,-0.0412395425093919,0.013411694782066198,0.0786936946586857,8.14114910905525e-44,-9.91e-05,0.999775974942421,1.0,0.9831285273395207,1.0
54,EIF1,-0.0390602821015784,0.026700765339215806,0.1306126664729547,3.0773793445295042e-120,0.000684614,0.999775974942421,1.0,0.9831285273395207,1.0
55,EIF2S3,-0.0461992232263941,0.002276345724179568,0.073381280109887,3.5357142086894345e-38,-0.000256585,0.999775974942421,1.0,0.9831285273395207,1.0
56,EIF3D,-0.0413697964808586,0.012991787586122806,0.0462037377457218,1.4905533710508534e-15,-0.000652063,0.999775974942421,1.0,0.9895748851625324,1.0
57,EIF3E,-0.0426480360722437,0.008303399345787964,0.0243555171571751,7.982613528757492e-05,-0.001447974,0.999775974942421,1.0,0.9831285273395207,1.0
58,EIF4A2,-0.0435519219462779,0.005927621399171821,0.0669440212518559,6.899203395308252e-32,-0.00063563,0.999775974942421,1.0,0.9831285273395207,1.0
59,EIF4B,-0.0442832526843025,0.00460903279268766,0.0244012149945811,7.701063618942351e-05,-0.000789363,0.999775974942421,1.0,0.9831285273395207,1.0
60,FAM122B,0.0814902133955428,1.4535739158733439e-11,0.1474416517570576,1.856366221555106e-153,0.001831389,0.5519228771291212,1.0,0.9831285273395207,1.0
61,FAM210B,-0.0382122917980851,0.03368430773715644,-0.0392370024494732,2.0254370513093643e-11,-0.000394055,0.999775974942421,1.0,0.6706754662861097,1.0
62,FAM72A,0.041736717687535,0.011409232997999426,0.0337037142319013,1.3054256332369786e-08,0.000490498,0.8393840985908804,1.0,0.9831285273395207,1.0
63,FAU,-0.0509430179339083,0.00035217481679527136,0.1084316883149352,8.223627296042942e-83,-0.000290661,0.999775974942421,1.0,0.9831285273395207,1.0
64,FBL,-0.0412775727917255,0.013368266911377097,0.0255907590565587,2.965000854753249e-05,-0.000200494,0.999775974942421,1.0,0.9831285273395207,1.0
65,FCGRT,-0.0487797714009895,0.0008483536931974692,-0.0609143995069136,1.6093868236537236e-26,-0.000285897,0.999775974942421,1.0,0.5737223777982486,1.0
66,FEZF1.AS1,0.0389011822579245,0.028062457909102993,0.1700640462028528,8.655215758738945e-205,0.003402126,0.999775974942421,1.0,0.9831285273395207,1.0
67,FKBP1A,-0.0400289316833447,0.020015174292804232,0.1170687980258702,1.5950055036051813e-96,-1.04e-05,0.999775974942421,1.0,0.9831285273395207,1.0
68,FKBP1C,0.0598222864166508,6.223800297618505e-06,0.0229309678053645,0.0002353918448720146,0.000231689,0.3821702815055754,1.0,0.9831285273395207,1.0
69,FOS,-0.0618254705752597,2.355795614586844e-06,0.0334722557431554,1.6736107958926476e-08,-0.000365641,0.999775974942421,1.0,0.9831285273395207,1.0
70,FSIP2,-0.0494989709138999,0.0006490783149014674,0.0610882047750885,1.1457520187005774e-26,-0.000990824,0.999775974942421,1.0,0.9831285273395207,1.0
71,FTL,-0.0433458705797795,0.00634791769013257,-0.0693004778485938,4.0441435754665305e-34,-0.000301168,0.999775974942421,1.0,0.5004783293027582,1.0
72,FXYD5,-0.0484565688609383,0.0009645120077478399,0.0224247432130408,0.00034051673228824563,-0.000279539,0.999775974942421,1.0,0.9831285273395207,1.0
73,GALNT2,-0.0434372883749655,0.006161874634772421,0.0383601040145528,6.038407519882464e-11,-0.000247422,0.999775974942421,1.0,0.9831285273395207,1.0
74,GLTSCR2,-0.0387222559989276,0.029194153146268543,0.0492592182381878,1.38783674245128e-17,-0.000747474,0.999775974942421,1.0,0.9831285273395207,1.0
75,H1FX,0.0670043594851022,1.4760404608162056e-07,0.2191000646611011,0.0,0.001655801,0.8393840985908804,1.0,0.9831285273395207,1.0
76,H2AFZ,0.0495284966232872,0.0006465476913753382,0.3833417389538754,0.0,0.007298134,0.7848750998225628,1.0,0.9831285273395207,1.0
77,H3F3A,-0.0429556355038455,0.00735397218828118,0.2773757172635847,0.0,0.002417464,0.999775974942421,1.0,0.6706754662861097,1.0
78,HIST1H4C,0.0754748077699148,8.778362671203755e-10,0.4731675695730053,0.0,0.011485454,0.03300955966988859,0.16504779834944294,0.5737223777982486,1.0
79,HLA.A,-0.0369005646156156,0.049238371713504155,0.0179862103323701,0.006103020779079586,-0.00097129,0.999775974942421,1.0,0.9831285273395207,1.0
80,HLA.DPA1,-0.0555781179186355,4.5357217807641626e-05,0.0414311884059196,1.2054805680861465e-12,-0.001627758,0.999775974942421,1.0,0.9831285273395207,1.0
81,HLA.DPB1,-0.0453659971386611,0.0031548136542153145,0.0464206841792895,1.082164170280301e-15,-0.001888302,0.999775974942421,1.0,0.9831285273395207,1.0
82,HLA.DQB1,-0.0443860286652178,0.004434061209032805,0.0303473686778721,4.0938275225767283e-07,-0.000932726,0.999775974942421,1.0,0.9895748851625324,1.0
83,HLA.DRA,-0.0694803324040878,3.5999395660419506e-08,0.1017699577248763,5.591856754716318e-73,-0.002773258,0.999775974942421,1.0,0.34053502666474933,0.9873569261682847
84,HLA.DRB1,-0.0523567322999367,0.00018649361740315505,0.01674019107081,0.01215368481112999,-0.000724465,0.999775974942421,1.0,0.9831285273395207,1.0
85,HLA.E,-0.0565353835563106,2.966070810192712e-05,0.0345755407358901,5.032575254199139e-09,-0.001031663,0.999775974942421,1.0,0.9831285273395207,1.0
86,HMGB1,0.0782713260914258,1.3856597668430113e-10,0.4034054318825022,0.0,0.007822954,0.999775974942421,1.0,0.9831285273395207,1.0
87,HMGB2,0.1167282760891528,3.7303956324629286e-25,0.5937885710944709,0.0,0.012929653,0.061251217257299206,0.42875852080109444,0.9831285273395207,1.0
88,HMGN2,0.0876737266379259,1.2700878184487992e-13,0.4975827038718707,0.0,0.00981861,0.4722271125376871,1.0,0.9831285273395207,1.0
89,HMGN3.AS1,-0.0487761416212902,0.0008483536931974692,0.0772006460545171,3.437110245633688e-42,0.000213126,0.999775974942421,1.0,0.9831285273395207,1.0
90,HNRNPA2B1,0.0491918921964502,0.0007317552243242553,0.265540476995304,0.0,0.003721073,0.999775974942421,1.0,0.9831285273395207,1.0
91,HSP90AB1,-0.0460574111711009,0.002397638860408757,0.0146479188304971,0.03416725942418768,-0.001630877,0.999775974942421,1.0,0.9831285273395207,1.0
92,ICAM3,-0.048938410620967,0.0008069543668644241,0.0287157488496859,1.9318951554066757e-06,-0.000158297,0.999775974942421,1.0,0.9831285273395207,1.0
93,IFITM2,-0.0387167543507104,0.029194153146268543,0.0417493073229599,7.9130474235247e-13,-0.001128953,0.999775974942421,1.0,0.9831285273395207,1.0
94,IFITM3,-0.0410027428344123,0.014441364059762459,0.0191259986122929,0.0030857108108202154,-0.000452317,0.999775974942421,1.0,0.9831285273395207,1.0
95,IGFLR1,-0.0420555240968401,0.010122772454447464,0.0543927311528571,2.732611288229789e-21,-0.000898912,0.999775974942421,1.0,0.9831285273395207,1.0
96,ITM2B,-0.0391425843948001,0.02632753204351007,0.0214840822062742,0.000662299193370504,-0.000512235,0.999775974942421,1.0,0.9831285273395207,1.0
97,JUN,-0.0578717835109955,1.5784732161649698e-05,0.0776897479042467,1.0182812753235447e-42,-0.000134275,0.999775974942421,1.0,0.9831285273395207,1.0
98,JUND,-0.0618684944640473,2.3329182936603663e-06,0.0309878358687402,2.1840743264688545e-07,-0.000738427,0.999775974942421,1.0,0.9831285273395207,1.0
99,KDM1B,-0.0384547163938664,0.031651294142676534,0.0390069318988731,2.706255800026494e-11,-0.000444664,0.999775974942421,1.0,0.9831285273395207,1.0
100,KIAA0101,0.0535667290265001,0.00010955795678611608,0.2639886332178459,0.0,0.004566645,0.999775974942421,1.0,0.9831285273395207,1.0
101,KLF4,-0.0500253336638538,0.0005225498762591147,-0.0251523501021317,4.2328951512477186e-05,-0.000378894,0.999775974942421,1.0,0.9018510857133457,1.0
102,LAPTM4B,-0.0410152844174363,0.01442561479824183,0.0903332231734726,1.4213163417857102e-57,-5.19e-05,0.999775974942421,1.0,0.9831285273395207,1.0
103,LAPTM5,-0.0504828959949239,0.0004325749372997219,0.0921313793708282,7.218252646981392e-60,-0.002839405,0.999775974942421,1.0,0.36989092316657357,1.0
104,LBR,0.0711033842969754,1.4616567057970199e-08,0.2608588302870466,0.0,0.003717782,0.999775974942421,1.0,0.9831285273395207,1.0
105,LINC00493,-0.0399169189619241,0.020669713505706098,0.0192919840470841,0.002787392742185084,-0.000639663,0.999775974942421,1.0,0.9831285273395207,1.0
106,LMO2,-0.03915469828122,0.0262973090522249,0.0419074077973096,6.402113560844183e-13,0.000171376,0.999775974942421,1.0,0.9831285273395207,1.0
107,LRRC75A.AS1,-0.0508766881175439,0.0003609764000386872,0.0234927003844588,0.00015482081808097342,-0.000416486,0.999775974942421,1.0,0.9831285273395207,1.0
108,LUC7L3,-0.0379878448140962,0.036124498535067405,0.0607587235309226,2.1759145823158343e-26,-0.000659831,0.999775974942421,1.0,0.9831285273395207,1.0
109,MARCKSL1,-0.0415202239749186,0.012337201396282138,0.0424104430240035,3.249529668784836e-13,-0.000387693,0.999775974942421,1.0,0.9831285273395207,1.0
110,MCL1,-0.0501472368336405,0.0005001703478683945,-0.0244438732594713,7.450007835264834e-05,-0.000752794,0.999775974942421,1.0,0.9831285273395207,1.0
111,MCM10,0.0447872261453852,0.0038115193080914653,0.0612139785147873,8.97105147380757e-27,0.000213587,0.5882814676111755,1.0,0.9831285273395207,1.0
112,MEF2C,-0.0423172406930407,0.009226319930048351,0.1142915870616678,5.3842699061397856e-92,-0.001158975,0.999775974942421,1.0,0.6961764874186491,1.0
113,MKI67,0.1058065095529111,1.4667042887311985e-20,0.5259299039560624,0.0,0.011544048,0.16765659087061013,1.0,0.9831285273395207,1.0
114,MMRN1,-0.0381041716895203,0.03473196578298754,0.0601696118266844,6.83167112281753e-26,9.87e-05,0.999775974942421,1.0,0.9831285273395207,1.0
115,MND1,0.0470048709950825,0.0016558850604348955,0.2135750420175265,0.0,0.002433692,0.999775974942421,1.0,0.9831285273395207,1.0
116,MSS51,-0.0423638487689956,0.009124878966195817,0.0222603286033028,0.0003829903955657269,-0.000555738,0.999775974942421,1.0,0.9831285273395207,1.0
117,MT.ATP6,-0.0642763506428605,6.454907498578109e-07,0.1166768102921478,7.0736137203047786e-96,-0.001438207,0.999775974942421,1.0,0.5737223777982486,1.0
118,MT.CO1,-0.0478654864849174,0.001183039020465205,0.130782039508997,1.5018288327704838e-120,-0.001356634,0.999775974942421,1.0,0.5737223777982486,1.0
119,MT.CO2,-0.0530076725591279,0.0001415001869655163,0.1149917070881123,3.99882387717453e-93,-0.000604243,0.999775974942421,1.0,0.9831285273395207,1.0
120,MT.CO3,-0.054628142289307,6.833476577879114e-05,0.1170955626829492,1.4427318363203883e-96,-0.000487955,0.999775974942421,1.0,0.9831285273395207,1.0
121,MT.CYB,-0.0635839474474815,9.245920050288081e-07,0.1342401196835896,4.814757060332414e-127,-0.000764814,0.999775974942421,1.0,0.6706754662861097,1.0
122,MT.ND1,-0.0756197486823435,8.205706520496461e-10,0.0802472667610805,1.5188578415805828e-45,-0.001389064,0.999775974942421,1.0,0.9831285273395207,1.0
123,MT.ND2,-0.0810101717153229,1.9976432637242386e-11,0.0825279273102639,3.8915064388907084e-48,-0.001514749,0.999775974942421,1.0,0.9831285273395207,1.0
124,MT.ND3,-0.0670945751908388,1.4250765454548928e-07,0.0633545417955349,1.2477328276459918e-28,-0.001463415,0.999775974942421,1.0,0.9831285273395207,1.0
125,MT.ND4,-0.069110378064182,4.354334175991517e-08,0.0963205321697731,2.1428048627502002e-65,-0.00178054,0.999775974942421,1.0,0.5971422544291973,1.0
126,MT.ND4L,-0.0445273723645594,0.0041963399034880555,0.0334213127496244,1.7669644742209263e-08,-0.000325332,0.999775974942421,1.0,0.9831285273395207,1.0
127,MT.ND5,-0.0549744166608385,5.820102854249087e-05,0.0720091065993538,8.703126724399686e-37,-0.001015425,0.999775974942421,1.0,0.9831285273395207,1.0
128,MT.RNR1,-0.0611627910979506,3.2502637872246523e-06,0.037626727097408,1.4730333030132137e-10,-0.000121293,0.999775974942421,1.0,0.9831285273395207,1.0
129,MT.RNR2,-0.0698569604769241,2.9668189819394737e-08,0.0964494345560907,1.4357156335321804e-65,-0.000473294,0.999775974942421,1.0,0.9831285273395207,1.0
130,MTRNR2L12,-0.0684168592938232,6.47749550983838e-08,0.1096023896434812,1.324602683201436e-84,-0.00038058,0.999775974942421,1.0,0.9831285273395207,1.0
131,MYL12A,-0.0381566475640874,0.03427681863973933,0.1174950917411877,3.1371333321950115e-97,0.000376061,0.999775974942421,1.0,0.9831285273395207,1.0
132,MYL6,-0.0375994661458683,0.04017900482648323,0.11627531614031,3.20492942016067e-95,0.000664591,0.999775974942421,1.0,0.9831285273395207,1.0
133,MZT1,0.0639861113121683,7.545423520703758e-07,0.1889323953905552,1.5222429419360325e-253,0.002873828,0.999775974942421,1.0,0.9831285273395207,1.0
134,NACA,-0.0543202852504435,7.86182290637488e-05,0.062977511574093,2.674972114166362e-28,-0.001684846,0.999775974942421,1.0,0.9831285273395207,1.0
135,NBEAL1,-0.0376074605722685,0.04017900482648323,-0.0412433673744177,1.5457030660498645e-12,-0.00051869,0.999775974942421,1.0,0.6961764874186491,1.0
136,NCAPG,0.1067042669009085,6.894155750003469e-21,0.3532075364308977,0.0,0.005026924,0.999775974942421,1.0,0.9831285273395207,1.0
137,NDC80,-0.0435719477620841,0.005904549214756526,0.2010372834659866,9.83284809744076e-288,0.002181256,0.999775974942421,1.0,0.9831285273395207,1.0
138,NEK2,0.0570794464545663,2.290615391011255e-05,0.2606561814688512,0.0,0.004238473,0.999775974942421,1.0,0.9910687541057788,1.0
139,NFKBIA,-0.0596629643196529,6.716988958330732e-06,0.0815465331994955,5.186572450994458e-47,-0.000229972,0.999775974942421,1.0,0.9831285273395207,1.0
140,NME2,-0.0385857675361038,0.03036116927646711,0.0184735372559455,0.004582572975366394,-0.000717264,0.999775974942421,1.0,0.9831285273395207,1.0
141,NUCKS1,0.091307038144981,6.979898828394278e-15,0.426868118740939,0.0,0.007561796,0.999775974942421,1.0,0.9831285273395207,1.0
142,NUSAP1,0.1078163234547786,2.646513822629946e-21,0.5761847586149288,0.0,0.011633792,0.16765659087061013,1.0,0.9831285273395207,1.0
143,PABPC1,-0.0636286180174299,9.174492071304045e-07,0.0258878322992224,2.3162699807151605e-05,-0.001920558,0.999775974942421,1.0,0.9831285273395207,1.0
144,PLK4,0.0554079626939705,4.776679751571679e-05,0.1777510002005577,5.378896229631874e-224,0.002408544,0.999775974942421,1.0,0.9895748851625324,1.0
145,PNISR,-0.0445476704466924,0.004180029933290835,0.0342110600978383,7.510975978748239e-09,-0.001130532,0.999775974942421,1.0,0.9831285273395207,1.0
146,PNRC1,-0.0449745683065541,0.00358702581937456,0.0574817733682244,1.0851390267729057e-23,-0.000807141,0.999775974942421,1.0,0.9831285273395207,1.0
147,PPP1R15A,-0.05710116999959,2.2880283717839134e-05,0.0204814552798096,0.0013045750819677107,-7.74e-05,0.999775974942421,1.0,0.9831285273395207,1.0
148,RACK1,-0.0519172856895656,0.0002296024941589692,0.0337987358709064,1.1787573218036879e-08,-0.001508723,0.999775974942421,1.0,0.9831285273395207,1.0
149,RAD21,0.1324442162270902,6.628996756737532e-33,0.3749893982781743,0.0,0.005096031,0.999775974942421,1.0,0.9831285273395207,1.0
150,RP11.159H22.2,-0.044004855771379,0.005107520150240913,-0.0588930901427481,7.8342839257065145e-25,-0.000424127,0.999775974942421,1.0,0.5737223777982486,1.0
151,RP11.15H20.7,0.0605090682729737,4.399805083859304e-06,0.0147618222121104,0.03243787252842067,0.000275324,0.3821702815055754,1.0,0.9831285273395207,1.0
152,RP11.1I2.1,-0.0387974701114122,0.02863691191292887,-0.0144985346680737,0.036544627706511935,3.43e-05,0.999775974942421,1.0,0.7162626459684563,1.0
153,RP11.35L17.3,-0.0384481125784381,0.031651294142676534,-0.0477252692458455,1.5053896384325294e-16,-0.000423966,0.999775974942421,1.0,0.5971422544291973,1.0
154,RP11.44N21.1,0.0969286040731893,5.58628597356021e-17,0.0174088366080076,0.008447057448879657,0.000340843,0.0555279693977843,0.33316781638670584,0.9831285273395207,1.0
155,RP11.458F8.4,0.0464889737019823,0.0020259675494824175,0.1726709881216158,3.321364075440106e-211,0.00297566,0.999775974942421,1.0,0.9831285273395207,1.0
156,RP11.57C13.3,0.0449412027905498,0.0036209617447626858,0.0255205895238246,3.138801387412248e-05,-0.000151709,0.48428109806200026,1.0,0.9831285273395207,1.0
157,RPL10,-0.0683405822478295,6.651043609658879e-08,0.0835987922007221,2.2227958175807738e-49,-0.001781073,0.999775974942421,1.0,0.7162626459684563,1.0
158,RPL10A,-0.0452122324693711,0.003287561902875828,0.0802741482007274,1.4183632401208165e-45,-0.000537816,0.999775974942421,1.0,0.9831285273395207,1.0
159,RPL11,-0.0575567611735504,1.8306985898514548e-05,0.0603634016387414,4.70239162938416e-26,-0.001343583,0.999775974942421,1.0,0.9831285273395207,1.0
160,RPL12,-0.0572964146023962,2.0830131287089563e-05,0.0718144326654054,1.3623064167602583e-36,-0.0002945,0.999775974942421,1.0,0.9831285273395207,1.0
161,RPL13,-0.0647430195136027,5.144332830068106e-07,0.0398311746651599,9.575382923776172e-12,-0.000970004,0.999775974942421,1.0,0.9831285273395207,1.0
162,RPL13A,-0.0579667089235736,1.5160608426145585e-05,0.0659797102628615,5.404579228809482e-31,-0.001744363,0.999775974942421,1.0,0.9831285273395207,1.0
163,RPL14,-0.0414765267419364,0.012503053912887993,0.0711389892115511,6.413041370116761e-36,-0.00024249,0.999775974942421,1.0,0.9831285273395207,1.0
164,RPL15,-0.0538554564816313,9.626975641433057e-05,0.0828347886034598,1.721556898533198e-48,-0.00105089,0.999775974942421,1.0,0.9831285273395207,1.0
165,RPL17,-0.0457440659890445,0.0027061986127247767,0.0292461980167266,1.1801965355738574e-06,-0.001320674,0.999775974942421,1.0,0.9831285273395207,1.0
166,RPL18,-0.0605174103028788,4.399805083859304e-06,0.0829263617507304,1.3465270628448541e-48,-0.000861922,0.999775974942421,1.0,0.9831285273395207,1.0
167,RPL18A,-0.0515451493554143,0.0002672138336825243,0.0793975470648135,1.3488623308934353e-44,-0.00030743,0.999775974942421,1.0,0.9831285273395207,1.0
168,RPL19,-0.0690611755174322,4.391746913447692e-08,0.083601322872994,2.209538645739303e-49,-0.001181751,0.999775974942421,1.0,0.9831285273395207,1.0
169,RPL21,-0.0517963211888771,0.00023997624690654033,0.0602434334551625,5.926602440453777e-26,-0.000401497,0.999775974942421,1.0,0.9831285273395207,1.0
170,RPL22,-0.0511360421539274,0.0003232832953534265,0.0585743069093577,1.4180167902288617e-24,-0.001009291,0.999775974942421,1.0,0.9831285273395207,1.0
171,RPL23,-0.0652380764305113,3.884619166512999e-07,0.0629070747221162,3.0753508044036613e-28,-0.001137843,0.999775974942421,1.0,0.9831285273395207,1.0
172,RPL23A,-0.0593538875230244,7.876747241714298e-06,0.0892996582908585,2.8573859301550887e-56,-0.000511067,0.999775974942421,1.0,0.9831285273395207,1.0
173,RPL24,-0.0547573925159297,6.450837710501484e-05,0.0796930595877333,6.328209839089681e-45,-0.00106941,0.999775974942421,1.0,0.9831285273395207,1.0
174,RPL26,-0.0472830888938378,0.0014704665265278367,0.0759242605105114,7.94969651085569e-41,-0.000255172,0.999775974942421,1.0,0.9831285273395207,1.0
175,RPL27,-0.0592475411231784,8.252579457686044e-06,0.0728872833765825,1.1321970593984393e-37,-0.000542479,0.999775974942421,1.0,0.9831285273395207,1.0
176,RPL27A,-0.0482884043359584,0.00101679111780894,0.0499794044140935,4.411626142419197e-18,-0.00067126,0.999775974942421,1.0,0.9831285273395207,1.0
177,RPL28,-0.057794570050904,1.627871376486775e-05,0.0806834336762705,4.933537577215126e-46,-0.000609555,0.999775974942421,1.0,0.9831285273395207,1.0
178,RPL29,-0.0447966703719872,0.0038115193080914653,0.0587340250017219,1.0527807646855197e-24,-0.00015764,0.999775974942421,1.0,0.9831285273395207,1.0
179,RPL3,-0.0488670461692943,0.0008237605002338796,0.0587796444240414,9.675489106179107e-25,-0.000608772,0.999775974942421,1.0,0.9831285273395207,1.0
180,RPL30,-0.056213658506951,3.3784037160171045e-05,0.0693378425431796,3.7270036610475923e-34,-0.000874249,0.999775974942421,1.0,0.9831285273395207,1.0
181,RPL31,-0.0665782255149834,1.816680219991003e-07,0.0690754456310931,6.640591339672653e-34,-0.000253713,0.999775974942421,1.0,0.9831285273395207,1.0
182,RPL32,-0.0549953690249131,5.808542790711517e-05,0.0521044821154568,1.3586638729904135e-19,-0.00027915,0.999775974942421,1.0,0.9831285273395207,1.0
183,RPL34,-0.044838792838485,0.0037645380219211793,0.0345930090380745,4.9389522105582864e-09,-0.001021895,0.999775974942421,1.0,0.9831285273395207,1.0
184,RPL35,-0.0477960862872934,0.0012069811251306294,0.064476056492886,1.2511403043610396e-29,1.29e-05,0.999775974942421,1.0,0.9831285273395207,1.0
185,RPL35A,-0.0584349828748604,1.2157041464671925e-05,0.0506235520743596,1.559195646965543e-18,-0.001253665,0.999775974942421,1.0,0.9831285273395207,1.0
186,RPL36,-0.0592116730573798,8.316494827207939e-06,0.0253538561086022,3.5971997200245655e-05,-0.000443213,0.999775974942421,1.0,0.9831285273395207,1.0
187,RPL36A,-0.0426142317376019,0.008382795919475676,0.1085962129018064,4.633377488652686e-83,0.000428387,0.999775974942421,1.0,0.9831285273395207,1.0
188,RPL37,-0.0442174839350627,0.004716557296008014,0.035680969689286,1.4495928817906049e-09,-0.000296742,0.999775974942421,1.0,0.9831285273395207,1.0
189,RPL37A,-0.0483248083382125,0.0010060175622758835,0.0634496151873954,1.028968204734536e-28,0.000380481,0.999775974942421,1.0,0.9831285273395207,1.0
190,RPL38,-0.0555123991998414,4.606709479590924e-05,0.0472812292174545,2.9758643667434664e-16,-0.000498836,0.999775974942421,1.0,0.9831285273395207,1.0
191,RPL39,-0.0541489082631556,8.435106454700701e-05,0.0470493217096757,4.2352728199955566e-16,-0.000824062,0.999775974942421,1.0,0.9831285273395207,1.0
192,RPL4,-0.0565132374712934,2.9710150557960713e-05,0.0638475722799457,4.567727098706611e-29,-0.000953685,0.999775974942421,1.0,0.9831285273395207,1.0
193,RPL41,-0.0631856689052814,1.1171264115794341e-06,0.1044076308084861,8.599714540044611e-77,0.000307079,0.999775974942421,1.0,0.9831285273395207,1.0
194,RPL5,-0.0401221222856596,0.0194485137587041,0.0233025728448661,0.00017854930026864636,-0.001617792,0.999775974942421,1.0,0.9831285273395207,1.0
195,RPL7,-0.0556640708202499,4.4196867681454825e-05,0.0573918855585851,1.280172296741042e-23,-0.000855339,0.999775974942421,1.0,0.9831285273395207,1.0
196,RPL7A,-0.050032852012479,0.0005225498762591147,0.075658255552425,1.5145194042397145e-40,-0.000209993,0.999775974942421,1.0,0.9831285273395207,1.0
197,RPL8,-0.050007678306868,0.0005233345052612917,0.0501551740356213,3.325854836116097e-18,-0.000819807,0.999775974942421,1.0,0.9831285273395207,1.0
198,RPL9,-0.0554951220700462,4.606709479590924e-05,0.0389160669832354,3.0293396061427307e-11,-0.001327957,0.999775974942421,1.0,0.9831285273395207,1.0
199,RPLP0,-0.04345288792313,0.006149041194271443,0.0820218449211924,1.4858523614434935e-47,-3.7e-05,0.999775974942421,1.0,0.9831285273395207,1.0
200,RPLP1,-0.0406050945217894,0.01643208527714674,0.0825812752316743,3.381506802894945e-48,0.000570804,0.999775974942421,1.0,0.9831285273395207,1.0
201,RPLP2,-0.0526622078897789,0.00016284252693241156,0.0939280023585103,3.3326971417761627e-62,-0.000918707,0.999775974942421,1.0,0.9831285273395207,1.0
202,RPS10,-0.0477082580418073,0.0012418011866160773,0.0922197828835714,5.562799955313168e-60,-0.000465805,0.999775974942421,1.0,0.9831285273395207,1.0
203,RPS11,-0.0601253344440839,5.320231150724621e-06,0.0865977028296119,6.05180446943206e-53,-0.002112804,0.999775974942421,1.0,0.5737223777982486,1.0
204,RPS12,-0.043614872022688,0.0058259574750998905,0.0684226104048455,2.808895250680904e-33,-0.000478895,0.999775974942421,1.0,0.9831285273395207,1.0
205,RPS13,-0.0476435899137704,0.0012714560144943582,0.0433793348476135,8.59821644839358e-14,-0.001060196,0.999775974942421,1.0,0.9831285273395207,1.0
206,RPS14,-0.0615087584677651,2.744203482287239e-06,0.045887895660434,2.372575667791926e-15,-0.000659066,0.999775974942421,1.0,0.9895748851625324,1.0
207,RPS15,-0.0461879402809522,0.002276345724179568,0.0861280201707226,2.2161718668859434e-52,-0.000178583,0.999775974942421,1.0,0.9831285273395207,1.0
208,RPS15A,-0.0493169290451059,0.0006949424561779173,0.0802715409874939,1.4268750409089572e-45,-0.000959961,0.999775974942421,1.0,0.9831285273395207,1.0
209,RPS17,-0.0407479199810816,0.01571727514437352,0.0692332380811282,4.6844742015523236e-34,-0.000111828,0.999775974942421,1.0,0.9933094352079007,1.0
210,RPS18,-0.0691935998727678,4.226174878259074e-08,0.068498193776416,2.3785900465484187e-33,-0.000157067,0.999775974942421,1.0,0.9895748851625324,1.0
211,RPS19,-0.048987341533757,0.000794272336259516,0.072367008121115,3.800773642481541e-37,-0.000870308,0.999775974942421,1.0,0.9831285273395207,1.0
212,RPS2,-0.0657978496123206,2.814374529962366e-07,0.0411164148230396,1.8251245019490427e-12,-0.001102179,0.999775974942421,1.0,0.9831285273395207,1.0
213,RPS20,-0.0489253470591703,0.0008069543668644241,0.0528996233363164,3.558777043067057e-20,-0.000473638,0.999775974942421,1.0,0.9938016652715409,1.0
214,RPS21,-0.0377703057645657,0.03831704735480095,0.0533242308332685,1.728998197067455e-20,3.61e-05,0.999775974942421,1.0,0.9831285273395207,1.0
215,RPS23,-0.055703045169776,4.372390975197511e-05,0.0904244699617114,1.0951426204866215e-57,-0.000553432,0.999775974942421,1.0,0.9831285273395207,1.0
216,RPS24,-0.056667235739952,2.7942035821474914e-05,0.0372230615504978,2.391755928561843e-10,-0.000534408,0.999775974942421,1.0,0.9831285273395207,1.0
217,RPS25,-0.0494915928674915,0.0006490783149014674,0.0449229268415756,9.627596200262858e-15,-0.000581653,0.999775974942421,1.0,0.9895748851625324,1.0
218,RPS27,-0.0583742474033586,1.2304487605017738e-05,0.0844742717862992,2.0728230957668091e-50,-0.000930068,0.999775974942421,1.0,0.9831285273395207,1.0
219,RPS27A,-0.0635571642264739,9.245920050288081e-07,0.0537304528264373,8.609084432223996e-21,-0.001709841,0.999775974942421,1.0,0.9831285273395207,1.0
220,RPS28,-0.0479148138327795,0.0011635479285995165,0.0543444675828666,2.970294565265073e-21,-0.000879098,0.999775974942421,1.0,0.9831285273395207,1.0
221,RPS29,-0.0501995929394298,0.0004913485587647782,0.0521367600137561,1.287193567514164e-19,-0.000670165,0.999775974942421,1.0,0.9831285273395207,1.0
222,RPS3,-0.0532655151016866,0.00012540192896584828,0.0763636295863001,2.7240334738353326e-41,0.000225477,0.999775974942421,1.0,0.9831285273395207,1.0
223,RPS3A,-0.0453285658255165,0.0031899813466769442,0.0751387079781688,5.3393060534723754e-40,-0.00076037,0.999775974942421,1.0,0.9831285273395207,1.0
224,RPS4X,-0.048987167654442,0.000794272336259516,0.058231331192652,2.695667957289913e-24,0.0002066,0.999775974942421,1.0,0.9831285273395207,1.0
225,RPS5,-0.0438332476558127,0.005415588473590113,0.0967458763515734,5.698291857201488e-66,0.000412897,0.999775974942421,1.0,0.9831285273395207,1.0
226,RPS6,-0.0518996545045764,0.00022987206639634987,0.0487725640679818,2.9747722831903186e-17,-0.000184016,0.999775974942421,1.0,0.9831285273395207,1.0
227,RPS8,-0.0562602313504794,3.338393371382212e-05,0.0913454323587099,7.386137335196954e-59,-0.000667492,0.999775974942421,1.0,0.9831285273395207,1.0
228,RPS9,-0.0589020503650221,9.747613740933975e-06,0.0739087189214949,1.0145840466070721e-38,-0.000142382,0.999775974942421,1.0,0.9831285273395207,1.0
229,RPSA,-0.0532791655044942,0.00012540192896584828,0.0869810325576463,2.0668087491602198e-53,-0.000230474,0.999775974942421,1.0,0.9831285273395207,1.0
230,RSPH6A,0.0478204479881791,0.0012005389869632532,0.0650647148845029,3.691733951415212e-30,0.000972527,0.9470154544596452,1.0,0.9831285273395207,1.0
231,SARDH,-0.0424918610163479,0.008773109022136745,-0.0421715754633114,4.4911049672534935e-13,-0.000312382,0.999775974942421,1.0,0.5971422544291973,1.0
232,SAT1,-0.0408534779305506,0.015254007829596732,-0.0599579571379607,1.0279387917856987e-25,-0.000497547,0.999775974942421,1.0,0.5737223777982486,1.0
233,SH3BGRL3,-0.0437914819852825,0.005485999534289289,0.0762215457758539,3.8563128269365887e-41,-0.001312548,0.999775974942421,1.0,0.9831285273395207,1.0
234,SHC1,-0.0378187146122045,0.03775793542169244,0.0665144808392421,1.733827903198553e-31,0.000587857,0.999775974942421,1.0,0.9831285273395207,1.0
235,SLC25A6,-0.044199213614841,0.004731058201627594,0.0490269786695233,1.998010523174273e-17,-0.000256347,0.999775974942421,1.0,0.9831285273395207,1.0
236,SMC4,0.1160407218147957,7.028434672261237e-25,0.4370560959245185,0.0,0.00743589,0.999775974942421,1.0,0.9831285273395207,1.0
237,SNHG7,-0.0398124401278922,0.02136038954862775,0.0293873120998235,1.033499393250639e-06,-0.001078479,0.999775974942421,1.0,0.9831285273395207,1.0
238,SNHG8,-0.0417008786585854,0.01152698060767939,-0.0255360862181028,3.100020090705594e-05,-0.001301709,0.999775974942421,1.0,0.9831285273395207,1.0
239,SOCS3,-0.0433443726629991,0.00634791769013257,-0.0199902105307505,0.0017968324706678024,-0.000520341,0.999775974942421,1.0,0.9831285273395207,1.0
240,SON,-0.0390940001324561,0.026542147542184223,0.1182491672082467,1.743615818821021e-98,0.000140551,0.999775974942421,1.0,0.9831285273395207,1.0
241,SPINT2,-0.0418384813419434,0.010998868050100545,0.0608897711075211,1.6873511368035982e-26,-0.000178048,0.999775974942421,1.0,0.9831285273395207,1.0
242,SRSF5,-0.0387856595601205,0.02863691191292887,0.0620475252473602,1.7237057777372597e-27,-0.000843447,0.999775974942421,1.0,0.9831285273395207,1.0
243,SSR3,-0.0377404540713447,0.038621617870027415,0.0513525681714953,4.725166034651971e-19,0.000289651,0.999775974942421,1.0,0.9831285273395207,1.0
244,STMN1,0.074469333928942,1.6538426138896673e-09,0.4638264614608611,0.0,0.007825609,0.999775974942421,1.0,0.9831285273395207,1.0
245,SYNJ2.IT1,-0.0465995896763807,0.0019501044427500647,0.0575346043412034,9.860763240433205e-24,-0.001042902,0.999775974942421,1.0,0.9831285273395207,1.0
246,TBC1D3I,0.0628543010627928,1.3360319760696178e-06,0.1254947476194712,5.809631871393876e-111,0.002064086,0.999775974942421,1.0,0.9831285273395207,1.0
247,TBCA,-0.0421225194204341,0.009893880834332744,0.0707976276942767,1.4004792052759023e-35,-0.000533369,0.999775974942421,1.0,0.9831285273395207,1.0
248,TIMM9,-0.0397790124670594,0.02152342330715038,0.0287654216448383,1.8446722024047357e-06,-0.000293936,0.999775974942421,1.0,0.9831285273395207,1.0
249,TMPO,0.0567343051235059,2.7243155081051347e-05,0.3929120428641289,0.0,0.006226256,0.999775974942421,1.0,0.9831285273395207,1.0
250,TNFRSF14,-0.0545280771903612,7.13108506681667e-05,0.0556266815421686,3.114377286721677e-22,-0.00082378,0.999775974942421,1.0,0.9831285273395207,1.0
251,TOP2A,0.1287560655650516,4.995690728485228e-31,0.6492736812848459,0.0,0.016103624,0.000596576835249274,0.001193153670498548,0.4060238581814259,1.0
252,TPT1,-0.0614210884037876,2.8443409149290503e-06,0.1104465791261142,6.534013339913893e-86,-0.001765308,0.999775974942421,1.0,0.5737223777982486,1.0
253,TRAPPC1,-0.0383161710602374,0.032617446300768814,0.1422416553943994,9.706288065373421e-143,0.000934125,0.999775974942421,1.0,0.9831285273395207,1.0
254,TSPAN13,0.0378421354841814,0.03758917851226497,0.1408151952601173,7.163218726937305e-140,0.000772715,0.999775974942421,1.0,0.9831285273395207,1.0
255,TTK,0.1101548555993767,2.729551075705099e-22,0.2601953574885225,0.0,0.0028193,0.4722271125376871,1.0,0.9831285273395207,1.0
256,TUBA1A,-0.0383545047073298,0.0325612585067715,0.1527097993434239,9.96389270712066e-165,0.001255548,0.999775974942421,1.0,0.9831285273395207,1.0
257,TUBA1B,0.0910499302222367,8.23253974113117e-15,0.5356166028046656,0.0,0.01341382,0.00397918632062777,0.01193755896188331,0.46844625103791926,1.0
258,TUBB,0.0528684646235783,0.00014929240461857693,0.5194649057533172,0.0,0.012581761,0.000596576835249274,0.0010895453678771982,0.5737223777982486,1.0
259,TYMS,0.0666004664737543,1.816680219991003e-07,0.3034383072957463,0.0,0.004768218,0.999775974942421,1.0,0.9831285273395207,1.0
260,UBA52,-0.0495916874180917,0.0006319643905483611,0.1117380923871064,6.277612208611831e-88,2.02e-05,0.999775974942421,1.0,0.9831285273395207,1.0
261,UBE2C,0.1067677177133831,6.894155750003469e-21,0.5244027044343615,0.0,0.01355187,0.011662499356771328,0.04664999742708531,0.34053502666474933,1.0
262,UBN2,-0.0644866769937428,5.855169041400041e-07,0.0456469902434499,3.3726483921845278e-15,-0.000710902,0.999775974942421,1.0,0.9831285273395207,1.0
263,UQCR11,-0.0398557124662181,0.02108464691113634,0.0751499521710688,5.198518597800116e-40,-1.95e-05,0.999775974942421,1.0,0.9895748851625324,1.0
264,UXT,-0.0373726225767825,0.04286865114088259,0.1154936057044316,6.103249214011192e-94,0.000608331,0.999775974942421,1.0,0.9831285273395207,1.0
265,VDAC1,-0.0424038579959043,0.00901578361222385,0.0645603626333351,1.0523849028646633e-29,-0.001460812,0.999775974942421,1.0,0.9831285273395207,1.0
266,VDAC2,-0.0390951756242839,0.026542147542184223,0.097852878182996,1.732903603246045e-67,0.000254675,0.999775974942421,1.0,0.9831285273395207,1.0
267,ZFAND5,-0.0389498928910036,0.02764619441300208,0.0271667430298246,7.794630486610388e-06,-2.17e-05,0.999775974942421,1.0,0.9831285273395207,1.0
268,ZFAS1,-0.0479228266574693,0.0011635479285995165,0.0143597128308061,0.03887259704016836,-0.001170864,0.999775974942421,1.0,0.9831285273395207,1.0
269,ZFP36L1,-0.0421900780079786,0.009667754778392289,0.0311430718759663,1.8736535574117217e-07,-0.000122482,0.999775974942421,1.0,0.9831285273395207,1.0
270,ZNF273,0.0393685348541911,0.024507046162858225,0.0423522542047043,3.517483214783825e-13,0.000118737,0.6892166984651148,1.0,0.9831285273395207,1.0
271,ZNF674.AS1,0.0588114738582966,1.0006993022045398e-05,0.2717910378680276,0.0,0.005687043,0.999775974942421,1.0,0.9831285273395207,1.0
272,ZNF716,-0.0375400405589893,0.040935903039183284,0.0325575594054508,4.412420849216781e-08,-0.000790573,0.999775974942421,1.0,0.9831285273395207,1.0
